,gene,PC1
1,BB_0243,0.137332149741372
2,BB_E31,0.13712401532764
3,BB_O40,0.130316669932976
4,BB_0242,0.130130996666977
5,BB_A25,0.126714183195014
6,BB_O39,0.119496487035667
7,BB_0241,0.118059371851506
8,BB_A66,0.116061473234163
9,BB_A65,0.114395890809235
10,BB_0240,0.113953224382926
11,BB_A36,0.111237362861757
12,BB_A73,0.11082228454251
13,BB_M28,0.107501950608874
14,BB_K53,0.107418807311179
15,BB_A07,0.107117479947496
16,BB_A24,0.102997906812918
17,BB_P28,0.100637877522197
18,BB_A05,0.098671075733639
19,BB_F32,0.0980882196786453
20,BB_J23,0.0958377342049669
21,BB_A33,0.0936893799876276
22,BB_A37,0.0931455308716113
23,BB_U04,0.0915819247504025
24,BB_A64,0.0898301207461523
25,BB_S41,0.089729958373311
26,BB_M38,0.0887991834674191
27,BB_0844,0.0874624957330318
28,BB_F0041,0.0868432430130051
29,BB_K32,0.0855497129564024
30,BB_A04,0.0820328893464161
31,BB_I42,0.0818234870928379
32,BB_J48,0.0817881944872691
33,BB_S42,0.0791442898267188
34,BB_H26,0.0750157756678264
35,BB_I19,0.0735348989095772
36,BB_K48,0.0731150594156984
37,BB_M27,0.0712212474004149
38,BB_A71,0.0705115404246496
39,BB_B19,0.0701802656138611
40,BB_B09,0.0700856826110604
41,BB_P38,0.0696186189900754
42,BB_J51,0.0691303050953623
43,BB_K49,0.065792555871867
44,BB_L29,0.064506409340016
45,BB_J47,0.0638296861786247
46,BB_A0078,0.0629823145097099
47,BB_0685,-0.0624675498235228
48,BB_0388,-0.0621439216730487
49,BB_A34,0.0621146251024824
50,BB_S33,0.0615122474861776
51,BB_0518,-0.0608917966631189
52,BB_H32,0.0607977278802802
53,BB_K50,0.0604745144615774
54,BB_K17,0.0604671400831652
55,BB_S17,0.0592362086546392
56,BB_P42,0.0587456745276418
57,BB_K07,0.0581204216888319
58,BB_0040,0.0566753531836692
59,BB_R45,0.056288325779963
60,BB_0389,-0.0562079200033079
61,BB_0390,-0.0560257500213938
62,BB_P27,0.0559238607057767
63,BB_0771,0.0552044764865317
64,BB_K47,0.0551596302949094
65,BB_F26,0.0544813510543771
66,BB_J19,0.0543979232450487
67,BB_J31,0.0543193109193592
68,BB_I20,0.0541504482706054
69,BB_R31,0.0539026205779216
70,BB_O36,0.0538915530252528
71,BB_0837,-0.0536964777279976
72,BB_K46,0.0531560657129792
73,BB_I43,0.0518329476062916
74,BB_U05,0.0518178571281752
75,BB_L36,0.0513282288113973
76,BB_S45,0.0509343130982691
77,BB_O30,0.0506508705199442
78,BB_M30,0.0504129328667297
79,BB_J25,0.0500077202236767
80,BB_0689,0.0498130726136135
81,BB_0684,-0.0497228001427
82,BB_L30,0.049563530618953
83,BB_A41,-0.0493491487744762
84,BB_S38,0.0492011757406031
85,BB_J45,0.0486588073626693
86,BB_J24,0.0485711534210028
87,BB_0713,-0.0484019140889496
88,BB_0656,0.0483276353640738
89,BB_H27,0.0482603280011652
90,BB_K23,0.0482261545519112
91,BB_0488,-0.0477233258955929
92,BB_A60,0.0476340958029608
93,BB_L39,0.0475189299769914
94,BB_R44,0.047381137213958
95,BB_0613,-0.0472100426252336
96,BB_0485,-0.0471735304592859
97,BB_0686,-0.0471091027349669
98,BB_B14,0.0465606233641142
99,BB_G06,0.0463454793063454
100,BB_0486,-0.0462216921796993
101,BB_A57,0.0459851108379108
102,BB_A42,-0.0459539004770552
103,BB_0479,-0.0457182418115039
104,BB_H28,0.0456892534871933
105,BB_A40,-0.0453206494940454
106,BB_L38,0.0449878459187468
107,BB_N30,0.0449145173547413
108,BB_0365,-0.0447206693040238
109,BB_A38,-0.0446843674888789
110,BB_I28,0.0445125809330995
111,BB_0295,-0.0444645536693489
112,BB_K01,0.0444214867978565
113,BB_I22,0.0443671688560141
114,BB_H06,0.0442759624823801
115,BB_H37,0.0439468701866767
116,BB_0838,-0.0438712982815962
117,BB_0444,-0.0431582120432994
118,BB_0538,-0.043055924132127
119,BB_E22,0.0430339467288936
120,BB_0481,-0.0428725534085241
121,BB_0386,-0.0427215022983722
122,BB_A32,0.0426871882131279
123,BB_P29,0.0426489583197617
124,BB_0681,0.0426300191572147
125,BB_0478,-0.0424937743076551
126,BB_L40,0.0423731708892542
127,BB_P39,0.0423632351685415
128,BB_0680,0.0421730236761594
129,BB_0709,-0.0417950960870398
130,BB_A62,0.0417800892403866
131,BB_E21,0.041720246785053
132,BB_O28,0.0416480472488141
133,BB_0658,-0.0415060420817069
134,BB_0612,-0.041409308792657
135,BB_0712,-0.0410011885773843
136,BB_0477,-0.0409671477817179
137,BB_0836,-0.040857729609167
138,BB_A69,0.0408523318482694
139,BB_0484,-0.0407999460570829
140,BB_H09,0.0407660828747385
141,BB_0489,-0.0407568565542283
142,BB_0809,-0.040571150103055
143,BB_0494,-0.040384308598492
144,BB_0780,-0.0403596887384324
145,BB_0537,-0.0402591143050512
146,BB_0513,-0.0402495565126284
147,BB_0514,-0.0400146668751073
148,BB_0782,-0.0399255973020429
149,BB_J46,0.0398672608332524
150,BB_0781,-0.039816584328786
151,BB_0404,0.0396070232799914
152,BB_0495,-0.0390902713606798
153,BB_B10,0.0390081326638368
154,BB_0483,-0.0386803686210887
155,BB_S44,0.0385912313305602
156,BB_0579,-0.038580601374504
157,BB_R42,0.0382144915721119
158,BB_O38,0.0381634087992721
159,BB_0418,0.0379146666992853
160,BB_P30,0.0376975751176222
161,BB_0490,-0.0376444477734068
162,BB_A30,0.0374797746472016
163,BB_0296,-0.0374325492996588
164,BB_0212,0.0372900166728426
165,BB_O44,0.0372684801478219
166,BB_R01,0.0371901457884664
167,BB_D14,0.0371188783210468
168,BB_P35,0.0370090897227654
169,BB_0710,-0.0369370973661873
170,BB_H13,0.0367075859099113
171,BB_E20,0.036679514552744
172,BB_A39,-0.0366666927421335
173,BB_0493,-0.0366325808268284
174,BB_H18,0.0365694314410529
175,BB_0105,-0.0365091725547557
176,BB_L28,0.036466415932717
177,BB_0752,-0.0363475297367599
178,BB_0392,-0.0360660714888778
179,BB_I29,0.0359210841686119
180,BB_F01,0.0357867945724295
181,BB_H20,0.0357036164982924
182,BB_0519,-0.0355689352722058
183,BB_I06,0.0355633857911491
184,BB_0565,0.0355132100862345
185,BB_S34,0.0354684971484545
186,BB_J26,0.0353818931196111
187,BB_0566,0.0351863967350931
188,BB_0614,-0.0351294086899219
189,BB_0797,0.0350203784924464
190,BB_0492,-0.0350037360600995
191,BB_A68,0.034991990965405
192,BB_0497,-0.0348955716707283
193,BB_0104,-0.0348315842184237
194,BB_0323,0.0345566571538231
195,BB_0391,-0.0344165919567969
196,BB_0482,-0.0342647874470838
197,BB_K15,0.0342391561358965
198,BB_J15a,0.0340190131804906
199,BB_M35,0.0337598902495254
200,BB_0414,0.0337023587258314
201,BB_I21,0.0336160646514742
202,BB_J27,0.0335947026911101
203,BB_0476,-0.0334354253913378
204,BB_S30,0.033415634550234
205,BB_0393,-0.0332660229410628
206,BB_K0058,0.0330716342529774
207,BB_0487,-0.0330558769039769
208,BB_0387,-0.0330258726200699
209,BB_J18,0.0327717242863822
210,BB_0683,-0.0326801589670426
211,BB_K39,0.0326794353215899
212,BB_0443,-0.0326252240789789
213,BB_0611,-0.0326112742717027
214,BB_R41,0.0325192688900784
215,BB_F20,0.0323737664766535
216,BB_K40,0.0322996036727277
217,BB_A74,0.0322511937854571
218,BB_0677,-0.0320807100401386
219,BB_M42,0.0319047440478699
220,BB_0528,0.0317896861148334
221,BB_0215,0.0317446575375711
222,BB_I12,0.03173959961602
223,BB_0172,-0.0313985815854121
224,BB_0779,-0.0313124377869333
225,BB_0491,-0.0312578167600423
226,BB_O29,0.0310925070654955
227,BB_0498,-0.0308790977793167
228,BB_H34,0.0305284070443696
229,BB_J50,0.0305039746858008
230,BB_K12,0.0304934246470938
231,BB_0438,-0.0304906364286829
232,BB_A20,0.0304715338264853
233,BB_E19,0.0304568061057231
234,BB_0512,-0.0304543399582983
235,BB_0799,-0.0304318370951189
236,BB_J29,0.0303687828967766
237,BB_0340,-0.030256758423466
238,BB_0649,-0.0302153012695016
239,BB_0801,-0.0300656156485414
240,BB_I02b,0.0299119825740391
241,BB_F001a,0.0294527083875582
242,BB_F17,0.0294244531558737
243,BB_0369,-0.0293988845434695
244,BB_F26a,0.0293388800066899
245,BB_I31,0.0292629306791478
246,BB_F08,0.0291641730097879
247,BB_K02a,0.0291020769016569
248,BB_0328,0.0290761347524043
249,BB_0173,-0.0289448916343916
250,BB_M39,0.0289396781281974
251,BB_K35,0.0288962156288698
252,BB_F19a,0.0287200819957252
253,BB_0581,-0.0286692060315202
254,BB_S35,0.0286429669729467
255,BB_0645,-0.0285555885831903
256,BB_0751,-0.0284151084053658
257,BB_0304,-0.0283470661622945
258,BB_0090,-0.028107881119565
259,BB_F25,0.0280875089632108
260,BB_K37,0.0280764041236742
261,BB_0297,-0.028058439530948
262,BB_0402,-0.0280489001475256
263,BB_0019,0.0279383404485785
264,BB_0604,-0.027934179314222
265,BB_0384,0.0278710428421598
266,BB_R17,0.0277801284548421
267,BB_S27,0.0277792806687157
268,BB_0419,-0.027686847509151
269,BB_K34,0.0276174776121674
270,BB_0631,0.0275794075227099
271,BB_M29,0.0275656135207828
272,BB_H29,0.0275131573356666
273,BB_N17,0.0274480780373218
274,BB_0650,-0.0274426669596115
275,BB_0800,-0.0274149479223046
276,BB_O43,0.0273091521800395
277,BB_0535,0.0272935819344774
278,BB_0130,-0.0272513399723562
279,BB_R36,0.0272063353710941
280,BB_0745,0.0271695515569349
281,BB_0722,-0.0270749627833089
282,BB_J28,0.0270441336495746
283,BB_0017,0.027043712505139
284,BB_F03,0.0269150507558224
285,BB_0480,-0.0268497913043124
286,BB_0407,-0.0267968778164364
287,BB_0647,0.0267328788070078
288,BB_A31,0.0267266758827255
289,BB_0208,0.0266540515647497
290,BB_M41,0.0266429793324065
291,BB_A76,0.0266371904281557
292,BB_0810,-0.02659979753933
293,BB_A50,-0.0265923130532653
294,BB_0610,-0.0265076594800709
295,BB_A08,0.026467287303514
296,BB_0450,-0.0263994442567756
297,BB_0563,0.0263550383097046
298,BB_0174,-0.0263258808105179
299,BB_A01,0.0263157432024789
300,BB_A59,0.0263058891464043
301,BB_A61,0.0262988768091629
302,BB_0032,0.0262338414987869
303,BB_A18,0.0261835117653325
304,BB_0707,0.0261693996261881
305,BB_0302,-0.0261610257026646
306,BB_0580,-0.0260708006098781
307,BB_H41,0.0260691163543203
308,BB_F19,0.0259318546305539
309,BB_S15,0.0258825527055097
310,BB_0068,-0.0257736180185817
311,BB_L43,0.0257532659634872
312,BB_0103,-0.0257413071744199
313,BB_B12,0.0257283645497112
314,BB_0772,0.0257045544043937
315,BB_0567,0.0255811462915522
316,BB_E09,0.0255723825480079
317,BB_0807,-0.0255613182888974
318,BB_K42a,0.0254524863161231
319,BB_F09,0.0252745751018007
320,BB_0288,-0.0252499305071036
321,BB_0252,-0.0252494847343305
322,BB_0501,-0.0251990537252764
323,BB_N38,0.0251957218518559
324,BB_0753,-0.0251692096697569
325,BB_0468,-0.0251643108712617
326,BB_G33,-0.0251438492551981
327,BB_0251,-0.0250318813469774
328,BB_0057,-0.0250104593946438
329,BB_0608,-0.024928462297764
330,BB_0175,-0.0249150427528993
331,BB_0778,-0.0247225207638033
332,BB_0788,-0.0247110856681294
333,BB_0303,-0.024694694165322
334,BB_J16,0.0246743303556632
335,BB_0270,-0.0246712943855998
336,BB_0669,-0.0246600674133941
337,BB_0403,-0.0246309478780859
338,BB_A19,0.0245419541295577
339,BB_P41,0.0245159715841502
340,BB_0515,-0.0245136060760473
341,BB_L42,0.0245029372923352
342,BB_R32,0.0244860501234457
343,BB_0442,-0.0243836094121424
344,BB_0385,0.0243417447335753
345,BB_S31,0.0242804186738231
346,BB_0341,-0.0242440263663655
347,BB_0056,-0.0242021274020232
348,BB_0289,-0.024174951546273
349,BB_F18,0.024159561489788
350,BB_A21,0.0241523820226315
351,BB_0595,0.0241026088886815
352,BB_N43,0.024019500232374
353,BB_H33,0.0239639684040065
354,BB_0420,-0.0239057360252779
355,BB_0329,0.0238658458729136
356,BB_0644,-0.0238292207878255
357,BB_0299,-0.0238278020816281
358,BB_O31,0.0237769673060562
359,BB_0586,-0.0236827593446145
360,BB_N35,0.0236779271437807
361,BB_R13,0.0236191060631939
362,BB_0737,-0.023610419814256
363,BB_E23b,0.0234386944921712
364,BB_0638,0.0233315042387686
365,BB_0794,-0.0233181874526443
366,BB_0599,0.0232880186735909
367,BB_0441,-0.0230850341880975
368,BB_0534,0.0230654928337551
369,BB_0754,-0.0229831041855021
370,BB_0661,-0.0229744929534896
371,BB_A47,-0.0229443852704072
372,BB_0129,-0.0228556952491598
373,BB_0106,-0.0228329229502216
374,BB_0238,0.0228273868709778
375,BB_0632,-0.0228221860892417
376,BB_E18,0.0227793443222159
377,BB_0496,-0.0227784722493772
378,BB_R15,0.0227722647223425
379,BB_0054,-0.0224970867301475
380,BB_O07,-0.0224917866512208
381,BB_0055,-0.0224447344117245
382,BB_0783,-0.0223414846489029
383,BB_0306,-0.0222984212796384
384,BB_0687,-0.0222829602687935
385,BB_0177,-0.0222525128729144
386,BB_0400,0.0221776499809212
387,BB_0278,-0.022147163990688
388,BB_0573,-0.022063419815044
389,BB_0066,-0.0219310685771025
390,BB_0131,-0.0218177094954033
391,BB_0808,-0.0218090149907658
392,BB_0435,-0.021763706869788
393,BB_0405,-0.0217469044116505
394,BB_0339,-0.0216860705948525
395,BB_0504,-0.021575687201652
396,BB_0726,-0.021570858442944
397,BB_0758,-0.0215425459442024
398,BB_B08,0.0215234258985577
399,BB_0744,-0.0214264282547894
400,BB_0678,-0.0214155347734036
401,BB_0805,-0.0214081535059856
402,BB_0422,-0.0213583104156312
403,BB_E29,0.0213343541318395
404,BB_B04,0.0213094022197417
405,BB_J34,0.0212169248003147
406,BB_0637,0.0212098292997809
407,BB_0080,-0.0211949727967556
408,BB_0281,-0.0211599694469077
409,BB_0166,-0.021152685278207
410,BB_0723,0.0211246460220955
411,BB_I38,0.0211208031583673
412,BB_0417,-0.0210551001459843
413,BB_0126,-0.0210313052117899
414,BB_0395,-0.0210142431319674
415,BB_0539,-0.0210073982062478
416,BB_0843,0.0209779653369097
417,BB_0789,-0.0208677371890333
418,BB_0069,-0.0208349315419556
419,BB_0775,-0.0207912632211513
420,BB_K21,0.0207260008899769
421,BB_0408,-0.0207055162113011
422,BB_0114,-0.0206532544980249
423,BB_0214,-0.0206193115712341
424,BB_0132,-0.0206160937458306
425,BB_0271,-0.020603046217191
426,BB_D15,-0.020583276678418
427,BB_I26,0.0205651680345397
428,BB_K41,0.0205458126489535
429,BB_0147,-0.020506736848789
430,BB_0679,-0.0204923507263167
431,BB_0755,-0.0204897276693113
432,BB_0333,-0.0204558970710853
433,BB_0646,0.0203772038266318
434,BB_0282,-0.0203746839471737
435,BB_0760,0.0203349661978405
436,BB_0162,-0.0203066225875589
437,BB_O06,-0.0202983770353374
438,BB_0440,-0.0202087451095989
439,BB_0536,0.020184531887428
440,BB_R18,0.0201495490081854
441,BB_0545,-0.0201465920893085
442,BB_0094,-0.0201457540434199
443,BB_0115,-0.0200278879019933
444,BB_0503,-0.0200237674914201
445,BB_0622,0.020005817603497
446,BB_0337,-0.0200023297935991
447,BB_J08,0.0200020993694834
448,BB_0370,-0.0199189302377437
449,BB_F02,0.0198612420090296
450,BB_0064,-0.0198582518357362
451,BB_0636,-0.0198415031929501
452,BB_H40,0.0198352722910423
453,BB_M31,0.0198188234570563
454,BB_0439,-0.0197657418583228
455,BB_0413,0.0197633480914488
456,BB_B27,0.0197186307367221
457,BB_0472,-0.0197150260923903
458,BB_0305,-0.0197049757415901
459,BB_D11,0.0196217120912342
460,BB_0347,0.0196051352976506
461,BB_F10,-0.0195522693022054
462,BB_0290,-0.0194984818579587
463,BB_0092,-0.0194225765672309
464,BB_O42,0.0193732454928929
465,BB_K52,0.0193641816420241
466,BB_0540,-0.0193595841534649
467,BB_0804,-0.0193537891660777
468,BB_P36,0.0193308841809335
469,BB_0176,-0.0192630493719227
470,BB_0067,-0.0192445503965589
471,BB_G01,-0.0192238604877832
472,BB_K45,0.0191814701484375
473,BB_0280,-0.0191631172183895
474,BB_0411,-0.0191576810851215
475,BB_0591,0.0191506225676596
476,BB_0230,-0.0191367833519255
477,BB_0394,-0.0190376332246923
478,BB_R02,0.0190262667694931
479,BB_N37,0.0190201345032716
480,BB_A46,-0.0189474084166758
481,BB_0811,-0.0188654113081144
482,BB_0020,0.0188321935599242
483,BB_N31,0.0187846954957861
484,BB_J17,0.018776909197975
485,BB_U01,0.0187216713182845
486,BB_A16,0.0186876188931954
487,BB_0436,-0.0186858121691783
488,BB_0051,0.018671765646814
489,BB_0091,-0.0186030515484452
490,BB_0002,0.0185232123046983
491,BB_0718,-0.0185158335184149
492,BB_0298,-0.0184792766353513
493,BB_0050,0.0184608279843818
494,BB_S10,0.0184538741951571
495,BB_0502,-0.0183968697985842
496,BB_J36,0.0183163367538534
497,BB_0279,-0.0182759950722963
498,BB_0186,-0.0182666638678746
499,BB_0511,-0.0182595186742203
500,BB_I36,0.0181478628678622
501,BB_R34,0.0181126746523203
502,BB_0109,-0.018030127175919
503,BB_0471,-0.0179932370843788
504,BB_0048,0.0179694857420428
505,BB_0371,-0.0179665805760821
506,BB_0733,-0.0179015327803802
507,BB_J21a,0.0178331511645555
508,BB_0006,0.017826519154804
509,BB_0311,0.0178028380715295
510,BB_0587,-0.0177467634315184
511,BB_0655,0.0177387170824354
512,BB_0334,-0.0176871844648305
513,BB_0330,0.0176713183434179
514,BB_O05,0.017609388093594
515,BB_0146,-0.0175269051667023
516,BB_0651,-0.0175252334164061
517,BB_0003,0.0174986620198898
518,BB_R03,0.0174949723493235
519,BB_0063,-0.0174253677450466
520,BB_0724,-0.0173820226237389
521,BB_M26,0.017348044892511
522,BB_0544,-0.0173290101826398
523,BB_0572,-0.0173023467781419
524,BB_H11a,0.0173013140611894
525,BB_0300,-0.017254341881942
526,BB_D10,0.0172294922263407
527,BB_0824,0.0172185090004338
528,BB_0100,0.0171864903332254
529,BB_N15,0.0171273086753485
530,BB_0077,-0.0170776855879138
531,BB_0543,-0.0170299801477331
532,BB_0835,0.0170065204725543
533,BB_0342,-0.0169952046998918
534,BB_O37,0.0169936973778731
535,BB_L37,0.0169936973778731
536,BB_B22,-0.0169742023386638
537,BB_0178,-0.0169360595076679
538,BB_0326,-0.0169196081257275
539,BB_D20,0.0169127091180516
540,BB_0088,-0.0169085680175058
541,BB_0798,0.0168467986897762
542,BB_0806,-0.0168243270958066
543,BB_0004,0.0167852196621236
544,BB_0665,-0.0167666364029856
545,BB_0116,0.016751909025062
546,BB_0421,-0.0166946378323834
547,BB_A52,0.0166030016587757
548,BB_K10,0.0165689169958265
549,BB_0633,-0.0165617475405609
550,BB_0827,-0.0164541161467825
551,BB_F13,0.016445103598171
552,BB_0065,-0.0163514744468644
553,BB_R04,0.0163076984310302
554,BB_0522,0.0162844457463912
555,BB_R29,0.0162657249514634
556,BB_0301,-0.0162584540273718
557,BB_E04a,0.0162298492120669
558,BB_0127,-0.0162192055548607
559,BB_B17,-0.0162100532347513
560,BB_U08,-0.0162056310303659
561,BB_0427,-0.0162023785308267
562,BB_0757,-0.0161955116086652
563,BB_0245,-0.0160759035300236
564,BB_0338,-0.0160669126122988
565,BB_M36,0.016064276717712
566,BB_S36,0.016036578629273
567,BB_0399,0.0160309999244323
568,BB_0273,-0.0160175452929735
569,BB_0825,0.0160117313903385
570,BB_N41,0.0160012822403116
571,BB_0603,0.0159945361369797
572,BB_0727,-0.0159455661765287
573,BB_0007,0.0159278182980921
574,BB_O34,0.0159205565182676
575,BB_0093,-0.0159035666589684
576,BB_0277,-0.015865167565673
577,BB_0098,-0.0158580044503797
578,BB_0460,0.0158280818246992
579,BB_L31,0.0157979939320579
580,BB_0743,-0.0157510350441357
581,BB_0696,-0.0156994117853772
582,BB_0735,-0.0156905747128093
583,BB_0828,0.0156743368456513
584,BB_0738,-0.0156615726886011
585,BB_N39,0.0156479921112727
586,BB_K42,0.0156378259527145
587,BB_0773,-0.0155901953838043
588,BB_I16,-0.0155790817181903
589,BB_0509,-0.0155613082356856
590,BB_G07,0.0155338601637454
591,BB_0038,-0.0155202062506268
592,BB_0561,-0.0154108218589376
593,BB_G29,0.0154101998638946
594,BB_0500,-0.0152483563052334
595,BB_0058,-0.0152438333951701
596,BB_0768,-0.0152273354340471
597,BB_0796,-0.01519895411153
598,BB_S21,0.0151264460421114
599,BB_0746,-0.0151146504568939
600,BB_0445,-0.0150796352524659
601,BB_0802,-0.0149901458425059
602,BB_0533,0.0149901362629529
603,BB_0179,-0.0149506154852062
604,BB_O17,0.0148373029073242
605,BB_H36a,0.014826180956345
606,BB_B13,0.0148241869367526
607,BB_0201,-0.0148117066630092
608,BB_0075,-0.0147831730493416
609,BB_N04,-0.0147782980150522
610,BB_0434,-0.0147769061016336
611,BB_0143,0.0147477671963813
612,BB_0047,0.0147424803983072
613,BB_0720,-0.0146869854027866
614,BB_0693,-0.0146667745411245
615,BB_P25,0.0146593692629269
616,BB_0508,-0.0146221675224657
617,BB_R33,0.0145719363797872
618,BB_H39,0.0145239077658688
619,BB_A48,-0.0144388871707426
620,BB_G28,0.014432584820599
621,BB_0283,-0.0144275680627314
622,BB_0409,-0.014423337303085
623,BB_K13,0.0144060287369776
624,BB_D18,-0.0143886511764743
625,BB_0769,-0.0143318877129634
626,BB_0842,0.0143002850665223
627,BB_H02,0.0142964898152836
628,BB_F0040,0.0142901523703219
629,BB_F16,0.0142741587697599
630,BB_0449,0.0142338691404227
631,BB_0776,0.0141851586236277
632,BB_0739,-0.0141605868229529
633,BB_O33,0.0141306041257299
634,BB_S01,0.0140894414978965
635,BB_O20,0.0140700583855137
636,BB_0313,0.0140487048305052
637,BB_S02,0.0140271702583481
638,BB_A13,-0.0140145285229982
639,BB_B03,0.0140114103592746
640,BB_0790,-0.0140047393972686
641,BB_0699,-0.0139695166321782
642,BB_0676,-0.0139678603723704
643,BB_0052,0.0139639662048628
644,BB_0128,-0.0139605899909739
645,BB_0557,-0.0139578260959211
646,BB_0795,-0.0139544758248504
647,BB_0307,-0.0139345338066323
648,BB_0235,-0.0138730411622923
649,BB_0164,-0.0137939645784126
650,BB_A03,0.0137647738641249
651,BB_0155,0.0137445305001275
652,BB_M18,0.0137322195958511
653,BB_0171,-0.0137248858415227
654,BB_0559,-0.0137092006535181
655,BB_G32,-0.0137063466238944
656,BB_0335,-0.0136431229383817
657,BB_0845a,0.0136107407549023
658,BB_0596,0.013580038049738
659,BB_A15,0.0135076331057721
660,BB_0253,-0.0134984081997222
661,BB_0690,0.0134766622942955
662,BB_0276,-0.0134728292319961
663,BB_0652,-0.0133824156063354
664,BB_0714,-0.0133758931869474
665,BB_H04,0.0133463269013344
666,BB_0716,-0.0133387420249654
667,BB_A70,0.0133155161935463
668,BB_0416,-0.0133139731812774
669,BB_N25,0.013310614581461
670,BB_0803,-0.0132795008893468
671,BB_0033,0.0132668783079432
672,BB_K19,0.013211897092911
673,BB_S04,0.0131896618032817
674,BB_0469,-0.0131392548530373
675,BB_A51,-0.0131142728849843
676,BB_F11a,0.0131068758540369
677,BB_0838a,0.0130623132490247
678,BB_G03,0.0130275500055915
679,BB_O15,0.0130272208991169
680,BB_0190,-0.012987105251793
681,BB_N28,0.0129273127059692
682,BB_0360,0.0129229904527508
683,BB_J05,0.0128994605208221
684,BB_F23,0.0128922772419366
685,BB_0382,0.0128822145559525
686,BB_R08,0.0128743407734432
687,BB_O32,0.0128272117834513
688,BB_N22,0.0128232774728541
689,BB_0590,0.0128118403891628
690,BB_M22,0.0127456616085251
691,BB_0207,0.0127409199166484
692,BB_0255,0.0127326477034547
693,BB_0095,-0.0127238847231694
694,BB_0574,-0.0126442072401579
695,BB_L17,0.0126297492465641
696,BB_P17,0.0126257040510406
697,BB_L15,0.0126198404423463
698,BB_0217,0.0126101227030659
699,BB_P15,0.0126062162046041
700,BB_F12,0.0125752852548118
701,BB_A22,-0.0124498241981179
702,BB_0840,0.0124161813982197
703,BB_0634,-0.0124099953592269
704,BB_0154,-0.01236516190734
705,BB_R22,0.0123575712617434
706,BB_0008,0.0123239499141584
707,BB_K22,0.0122840671286372
708,BB_0107,-0.0121847742648295
709,BB_0465,0.0120923686527723
710,BB_0219,-0.0120903116890187
711,BB_0562,0.0120790434267494
712,BB_R38,0.0120411158779219
713,BB_0026,-0.0120318339310873
714,BB_0588,0.0120316803539936
715,BB_0200,-0.011980223329562
716,BB_0009,0.0119744445106947
717,BB_0220,-0.0119284564690734
718,BB_0001,0.0119195326094236
719,BB_0437,-0.0118942569534204
720,BB_0076,-0.0118912867311211
721,BB_O12,-0.0118901418229941
722,BB_0203,0.0118629777602361
723,BB_0706,0.0118501909201974
724,BB_K09,0.0118413911663244
725,BB_0005,0.0118392783568885
726,BB_0096,-0.0118081098004256
727,BB_P34,-0.0118029646910124
728,BB_0463,0.011743581797399
729,BB_L01,0.0117116008945528
730,BB_P01,0.0117007159236917
731,BB_F30,0.0116384225525675
732,BB_R11,0.0116253422221581
733,BB_0013,0.0116111983081512
734,BB_L34,0.0115709306455145
735,BB_0372,-0.0115548557169188
736,BB_0767,-0.0115532697618574
737,BB_0499,-0.011545493591824
738,BB_B05,0.0115232875818229
739,BB_0552,-0.0115084836636576
740,BB_0717,-0.0114948502859319
741,BB_0352,0.0114743211221663
742,BB_J10,-0.0114621085922412
743,BB_0169,0.0114321224148154
744,BB_0558,-0.0114310129666389
745,BB_0826,0.0113713700680147
746,BB_0071,-0.0113702051030208
747,BB_0314,0.0113098875304319
748,BB_N29,0.0113080241766633
749,BB_D09,0.0112910736710426
750,BB_P20,0.0112824422945451
751,BB_S20,0.0112824422945451
752,BB_D01,0.0112400118383642
753,BB_0615,-0.0112252060598047
754,BB_0447,-0.0112194213843907
755,BB_0102,0.0112109267334097
756,BB_0375,0.0112022947763183
757,BB_0765,0.0111738376197828
758,BB_0244,-0.0110996246241006
759,BB_0263,0.0110928502660814
760,BB_0415,0.0110835913112852
761,BB_0204,0.0110800556381711
762,BB_0059,-0.011067056371966
763,BB_0774,-0.0110610556126267
764,BB_0149,-0.0110567174761178
765,BB_0022,-0.0110169797159431
766,BB_A54,0.011006547928814
767,BB_0286,-0.0109994894476259
768,BB_N12,-0.0109824213372545
769,BB_0112,-0.0109801485011619
770,BB_0725,-0.0109658290855656
771,BB_0031,-0.0109464563089269
772,BB_0014,-0.0109366292105342
773,BB_0742,-0.0109125370990685
774,BB_0133,-0.0107916386607625
775,BB_P31,0.0107335558509658
776,BB_I15,0.0107302886634772
777,BB_K0059,0.0107112043243216
778,BB_K54,0.0106896296783891
779,BB_0027,-0.0106884041443534
780,BB_0211,-0.010686740981334
781,BB_O26,0.0106855545763824
782,BB_R16,0.0106818811701066
783,BB_F001,0.0106781966168664
784,BB_0530,0.0106748802110337
785,BB_0257,0.0106681604044899
786,BB_0185,-0.0106599672244338
787,BB_0010,0.0106562921110236
788,BB_O09,-0.0106386653704953
789,BB_D001,0.0106318178132157
790,BB_0111,-0.0106020764651268
791,BB_0629,0.010601526373404
792,BB_0787,-0.0105772695078043
793,BB_0266,-0.0105615474222067
794,BB_0784,-0.0105317743759432
795,BB_S22,0.0105218741399983
796,BB_0312,0.0105165720735391
797,BB_0694,-0.0104987501063689
798,BB_0140,0.0104844709265925
799,BB_0206,-0.0104705844140462
800,BB_0839,0.0104703053055329
801,BB_0697,-0.0104447255121965
802,BB_0592,-0.0104301359480731
803,BB_N06,-0.0104138729985332
804,BB_P32,-0.0104094552087178
805,BB_0258,-0.0103832083897058
806,BB_0830,-0.0103761760405623
807,BB_K55,0.0103266805740071
808,BB_0196,0.0103261258835346
809,BB_0701,-0.0103119644629588
810,BB_0072,-0.0102828783029064
811,BB_O21,0.0102608835910831
812,BB_0367,0.0102294361668472
813,BB_0378,0.0102261928408056
814,BB_P26,0.010221133544325
815,BB_H17,-0.0102114380528563
816,BB_0682,0.0102011338731668
817,BB_0467,-0.0101914876904004
818,BB_O18,0.0101845008157373
819,BB_0157,0.0101813997521269
820,BB_0070,-0.0101709169101269
821,BB_N11,0.010147218645725
822,BB_S09,-0.010133419123501
823,BB_P37,-0.0101168480862478
824,BB_0555,0.0101092634195733
825,BB_0084,-0.0101077468498741
826,BB_0011,0.010068287156074
827,BB_B26,0.0100622281401149
828,BB_J02a,0.0100549299885691
829,BB_0379,0.0100026513168
830,BB_0626,0.00993761410302884
831,BB_G10,0.00993265430415839
832,BB_0180,0.00993009630364611
833,BB_D0031,0.00992243485314275
834,BB_0325,-0.00990928011217845
835,BB_0549,0.00988443208687839
836,BB_0188,-0.00987949858731206
837,BB_0381,-0.00985568368037243
838,BB_0505,-0.0098528914839874
839,BB_0654,-0.00981214956038671
840,BB_0223,0.00980266219994939
841,BB_0018,0.00979671566209962
842,BB_0764,-0.00977629029820986
843,BB_0181,0.00977491331355724
844,BB_0575,-0.00977152770953858
845,BB_0078,-0.00973370538840239
846,BB_0156,0.00972953546337635
847,BB_0571,-0.00971690385230401
848,BB_G08,0.00966609731468117
849,BB_0791,-0.00963957342740134
850,BB_L32,0.00960896853154937
851,BB_0594,0.00960264719262973
852,BB_S40,0.00959362353279745
853,BB_0600,0.0095894613415209
854,BB_R28,0.00958483475760485
855,BB_L41,0.00957891577346384
856,BB_0664,0.00952741268826032
857,BB_0113,-0.00948226669094981
858,BB_A14,0.00944200124664774
859,BB_I18,0.00940691903586299
860,BB_L26,0.00939957017514968
861,BB_M15,0.00938103837663796
862,BB_0730,-0.00936905684094184
863,BB_0466,-0.00935844131037414
864,BB_O02,-0.00933295566503214
865,BB_B02,0.00933033685996447
866,BB_0357,0.00929321440755836
867,BB_0688,-0.00927653748720559
868,BB_P22,0.00926625805914807
869,BB_O22,0.00926625805914807
870,BB_L22,0.00926625805914807
871,BB_N32,0.00922709742607391
872,BB_P11,0.0092247293045917
873,BB_G20,0.00922219771545667
874,BB_R07,0.00921920645053851
875,BB_M17,0.00921429592522939
876,BB_B28,-0.00920950180612631
877,BB_0455,-0.00920225042232388
878,BB_0833,-0.00920216270483264
879,BB_0607,-0.00919344880474388
880,BB_O24,0.00918633866994999
881,BB_0035,-0.00917270174828602
882,BB_0448,-0.00917143562257035
883,BB_0585,-0.00913171918292153
884,BB_O13,0.00912687420910161
885,BB_0142,0.00910504749640185
886,BB_0818,-0.00910407459677765
887,BB_0345,0.00909922097479689
888,BB_0642,-0.00908577329264348
889,BB_S11,0.00906849902536639
890,BB_L11,0.00906849902536639
891,BB_0582,-0.0090458145203402
892,BB_G30,-0.00904056611500711
893,BB_0275,-0.00901787981957808
894,BB_0527,0.00900023742099756
895,BB_N01,0.00899418540985682
896,BB_E17,-0.0089584064885129
897,BB_0524,0.00895445163221191
898,BB_0598,0.0089148379493113
899,BB_0624,0.00890801039385596
900,BB_0351,-0.00888760929451788
901,BB_0547,-0.0088832491472825
902,BB_0620,0.00888096339102193
903,BB_0657,0.00885562445514804
904,BB_I0044,0.00873487450069233
905,BB_0089,-0.00872844750092269
906,BB_M05,0.00872319724637382
907,BB_0265,0.00871778715950283
908,BB_0602,0.0087062693574514
909,BB_0327,-0.00870111439152447
910,BB_R43,0.00869944134602617
911,BB_0430,0.00868940633500709
912,BB_0319,0.0086693363850377
913,BB_0526,0.0086368142973844
914,BB_0548,-0.00863641928749498
915,BB_0849a,0.00862349227722586
916,BB_0141,0.00861061096979542
917,BB_0556,0.0085726320622938
918,BB_0454,-0.00852990986025188
919,BB_S29,0.00852715084901935
920,BB_0015,-0.00852493510158786
921,BB_M08,-0.00851025211836487
922,BB_0167,0.00850884053503974
923,BB_0332,-0.0085018732656095
924,BB_A49,-0.00846405694391336
925,BB_0458,-0.00842121790065602
926,BB_M16,0.0084172634427895
927,BB_0264,-0.00840806078241862
928,BB_0843a,0.00839739297352395
929,BB_S07,0.00838146214271226
930,BB_0163,0.00836640998212822
931,BB_U06,0.00834955965503561
932,BB_0593,-0.0083291881957159
933,BB_O08,-0.00829035423962244
934,BB_0849b,0.00827218336398591
935,BB_0145,0.00825812662705951
936,BB_N36,0.00823023263037359
937,BB_0097,-0.00822743461794061
938,BB_H09a,0.00820421194866738
939,BB_0841,-0.0081893110160017
940,BB_0232,0.0081803567123919
941,BB_0153,-0.00816824519873457
942,BB_L05,0.00815968110125766
943,BB_B29,-0.00814308095455682
944,BB_G09,0.00813933282302731
945,BB_0675,-0.00809513218711854
946,BB_0045,0.00808864803457862
947,BB_G26,-0.00808695259844119
948,BB_J11,0.008068482437778
949,BB_0024,0.00805689476928503
950,BB_B07,0.0080548172226641
951,BB_M24,-0.00803568710828629
952,BB_0506,0.00803431596077266
953,BB_0785,0.00801325842042849
954,BB_0660,0.00801055208582645
955,BB_0021,0.00800807025945163
956,BB_0159,0.00800746615821501
957,BB_E29a,0.00797909503146035
958,BB_0023,-0.00797550035969842
959,BB_S12,0.00795358818005624
960,BB_M12,0.00795358818005624
961,BB_0829,-0.00794199762155651
962,BB_0233,0.00793528742710571
963,BB_0121,-0.00792783368611747
964,BB_0134,-0.00791559186185099
965,BB_0122,-0.00789449242010945
966,BB_0336,-0.00785804488505593
967,BB_0719,-0.00785440693800379
968,BB_J43,-0.00784949824097646
969,BB_0199,0.00779993113860675
970,BB_0401,-0.00775047542245245
971,BB_P05,0.00774488374777301
972,BB_0350,-0.00771806257588753
973,BB_0668,-0.00765625590577524
974,BB_0426,-0.00764921486897894
975,BB_A56,-0.00762826589083184
976,BB_0267,-0.00762206965199866
977,BB_0702,-0.00761037592324598
978,BB_0406,-0.00759645457068748
979,BB_B11,0.00758684332196229
980,BB_S37,0.00755634937077225
981,BB_N10,0.00751490983849114
982,BB_0546,0.0074695962658894
983,BB_H38,0.00746337568702724
984,BB_M03,-0.00744854688929047
985,BB_0589,-0.0074459835186692
986,BB_0158,0.00744473989769494
987,BB_U07,0.00744354633227403
988,BB_0016,-0.00739135844141664
989,BB_S26,0.00738271584484839
990,BB_0659,-0.00734400639080716
991,BB_A11,-0.00734092938944641
992,BB_0605,-0.00730374388192484
993,BB_0269,-0.00727126238536158
994,BB_P06,0.00723867968053122
995,BB_S06,0.00723867968053122
996,BB_L06,0.00723867968053122
997,BB_0721,-0.00719469910154
998,BB_0202,0.00717984008936419
999,BB_G19,0.00716905233625426
1000,BB_0136,0.00716037830139393
1001,BB_N19,0.00714106283999916
1002,BB_0284,-0.00711226536004011
1003,BB_0431,0.00711080902836827
1004,BB_N42,0.0071072649659542
1005,BB_0834,-0.00707410300756362
1006,BB_L19,-0.00703188139579649
1007,BB_0456,-0.00701077244933291
1008,BB_M33,0.00697923449469267
1009,BB_0630,0.00697474492603033
1010,BB_0291,-0.00694897824513967
1011,BB_J09,-0.00694774818584686
1012,BB_0759,0.00692221311594572
1013,BB_0229,-0.00692038948540137
1014,BB_0569,0.00687794712897441
1015,BB_O19,-0.00686148736240894
1016,BB_0786,-0.00684881329240381
1017,BB_0082,0.00681791788930484
1018,BB_0120,-0.00680800559969156
1019,BB_0621,0.00680621836206271
1020,BB_0763,-0.00678377447377136
1021,BB_A55,-0.00676426780222702
1022,BB_0461,-0.00674947307134068
1023,BB_U02,0.00672274817504054
1024,BB_0099,0.00671094525725377
1025,BB_F24,0.00669193720463388
1026,BB_F06,0.00667370247310823
1027,BB_0618,0.00666567793352669
1028,BB_N02,-0.00666562099984893
1029,BB_0812,0.00666008891019871
1030,BB_0344,0.00665619863042201
1031,BB_P19,-0.00664306452855079
1032,BB_S19,-0.00664306452855079
1033,BB_R12,0.00661027209939114
1034,BB_0168,0.00659587472363295
1035,BB_0817,-0.00658732853934493
1036,BB_P21,-0.00656088849748363
1037,BB_L21,-0.00656088849748363
1038,BB_B18,-0.00655834093664593
1039,BB_L25,-0.00655159337772864
1040,BB_0761,0.00654641579320086
1041,BB_0160,0.00653820413217008
1042,BB_0446,-0.00650065253681098
1043,BB_0853,0.00648811358064824
1044,BB_N27,-0.00648295964327167
1045,BB_0125,-0.00648259114883272
1046,BB_0274,-0.00647048907547992
1047,BB_B25,-0.00646843562957844
1048,BB_S03,0.00644966204548094
1049,BB_O03,0.00644966204548094
1050,BB_0053,-0.00644088598744606
1051,BB_0030,-0.0064104032018463
1052,BB_0396,-0.00637766075066123
1053,BB_0209,0.00637120904144412
1054,BB_0205,-0.00635833386375601
1055,BB_0377,-0.00628805743118026
1056,BB_0246,-0.00624292664777864
1057,BB_0348,0.00618712995717325
1058,BB_0248,0.00616949810530882
1059,BB_A23,-0.00616632807053774
1060,BB_S39,0.00613097348793533
1061,BB_0189,-0.00612987622800161
1062,BB_0531,-0.00610842165822517
1063,BB_0616,0.00607199348784126
1064,BB_P16,0.00605996427952008
1065,BB_0062,0.006053681522601
1066,BB_M10,-0.00604126275668279
1067,BB_0363,-0.00600615480160199
1068,BB_I39,0.00597269933715265
1069,BB_L16,0.00593095620160372
1070,BB_0101,0.00592413508587263
1071,BB_0161,0.00591081315048994
1072,BB_0564,-0.00591000353539793
1073,BB_0374,0.00590518430322381
1074,BB_0138,0.0058970211406464
1075,BB_G05,0.00589144014334831
1076,BB_0741,0.00586694238772834
1077,BB_J41,-0.00585308092202905
1078,BB_0734,-0.00578767636480532
1079,BB_A44,-0.00576928436208653
1080,BB_F14a,0.00574087182717692
1081,BB_R27,0.00571286608488554
1082,BB_0698,-0.00559799592649294
1083,BB_0353,0.00558898018684955
1084,BB_0473,0.00557207115181079
1085,BB_P24,-0.00556559386540887
1086,BB_S24,-0.00556559386540887
1087,BB_R24,-0.00556559386540887
1088,BB_G34,-0.00555398670649544
1089,BB_D24,0.00553780235600855
1090,BB_0756,-0.00546445504530361
1091,BB_E16,-0.00544529245973129
1092,BB_O11,0.0054258076252289
1093,BB_0108,-0.00540171856045734
1094,BB_G16,0.00535412102978756
1095,BB_G02,-0.00533430077673879
1096,BB_0383,0.0053308308795303
1097,BB_0221,-0.00532551484637929
1098,BB_0151,-0.0053185568990921
1099,BB_0183,0.00531621542245991
1100,BB_0192,0.00531142036802425
1101,BB_0428,-0.00527892523800198
1102,BB_N21,0.00525106265815477
1103,BB_0043,-0.00524443662300235
1104,BB_H36b,0.00523364732450517
1105,BB_0553,-0.0052211661578313
1106,BB_K24,0.00520488731630451
1107,BB_M11,-0.00520428301263914
1108,BB_S16,0.00519940011856711
1109,BB_0195,-0.00519354245763845
1110,BB_D13,0.00518690748436795
1111,BB_0260,-0.00517159791819501
1112,BB_0617,0.00516982591302839
1113,BB_0695,-0.00515944042560968
1114,BB_0820,-0.0050942704514643
1115,BB_0262,-0.00508041467866538
1116,BB_0039,-0.00503275333549063
1117,BB_0583,0.00502852636826403
1118,BB_S13,-0.00500983260577998
1119,BB_0287,-0.00500199289171519
1120,BB_O14,0.00499063263486178
1121,BB_R37,0.00497807118998955
1122,BB_0228,0.00495512967328973
1123,BB_0321,0.00495269639732375
1124,BB_O10,-0.00494968404545745
1125,BB_N07,0.00492429852403134
1126,BB_0247,-0.00490810259753616
1127,BB_0315,0.00488997182865148
1128,BB_0729,0.0048890718088161
1129,BB_0576,0.0048764589835149
1130,BB_S14,0.0048445137604447
1131,BB_L14,0.0048445137604447
1132,BB_0343,-0.00483929328689244
1133,BB_0550,-0.00482051352448787
1134,BB_0123,-0.00481486051398771
1135,BB_E02,0.00480737225470908
1136,BB_R25,0.00480008324726872
1137,BB_M25,0.00480008324726872
1138,BB_L12,0.0047970816866756
1139,BB_R06,0.00475474510606929
1140,BB_N16,0.00467185670151182
1141,BB_0819,-0.00466731224198176
1142,BB_0853a,-0.00465767693390111
1143,BB_0641,0.00464986211428767
1144,BB_P02,-0.0046040763498901
1145,BB_L02,-0.0046040763498901
1146,BB_J13,0.00459935126862564
1147,BB_H0042,0.0045971297115066
1148,BB_0193,-0.00457345286675134
1149,BB_0715,-0.00455709249242368
1150,BB_0060,-0.00455207713630209
1151,BB_P12,0.00454160577743209
1152,BB_0793,0.00453245828369767
1153,BB_0368,-0.00450989370850798
1154,BB_M09,0.00447485094293322
1155,BB_0061,-0.00441572961737976
1156,BB_0170,-0.00440026624738662
1157,BB_P18,0.00438110464395413
1158,BB_S18,0.00438110464395413
1159,BB_L18,0.00438110464395413
1160,BB_N33,-0.00437220331390533
1161,BB_U12,0.00436208072049281
1162,BB_J20,0.00436126899989689
1163,BB_L27,-0.00436122801493333
1164,BB_0224,-0.00434839056283941
1165,BB_R14,-0.00434541209689064
1166,BB_N14,-0.00434541209689064
1167,BB_0294,-0.00434206893765036
1168,BB_0507,-0.00431290575908312
1169,BB_0187,-0.00428109531381451
1170,BB_0640,-0.00427738905548888
1171,BB_0184,0.00424433552791955
1172,BB_N08,-0.00422074005792159
1173,BB_0821,-0.00421330115309624
1174,BB_H07,0.00421199797513342
1175,BB_0848a,0.00417254489330607
1176,BB_0293,-0.00414993825234845
1177,BB_A53,0.00413633727761277
1178,BB_M23,-0.00411067223832254
1179,BB_O23,-0.00411067223832254
1180,BB_L23,-0.00411067223832254
1181,BB_F0034,0.00410558444589758
1182,BB_P23,-0.00408727468499654
1183,BB_S23,-0.00408727468499654
1184,BB_0639,-0.00408330912450713
1185,BB_R05,0.00407185527157685
1186,BB_0227,-0.00405673608257201
1187,BB_M34,0.00404355507603787
1188,BB_J0058,0.00403633371251226
1189,BB_0086,-0.00401698647957732
1190,BB_D03,0.00399347397633816
1191,BB_A43,0.00398218769628751
1192,BB_0673,0.00398014130192205
1193,BB_M37,-0.00397673029856599
1194,BB_0653,0.00396345489330507
1195,BB_A58,0.00395952737261374
1196,BB_0703,-0.00394813350227986
1197,BB_0087,-0.00394597853810133
1198,BB_A10,0.00389811801366582
1199,BB_M19,-0.00388821315277778
1200,BB_0034,-0.00387756458039843
1201,BB_P09,0.00386376191256532
1202,BB_I34,0.00385747075461017
1203,BB_0625,0.00385008372388438
1204,BB_0194,0.0038458967704885
1205,BB_0331,-0.00384302376562358
1206,BB_0362,-0.00379701326235491
1207,BB_0578,0.00376910493207191
1208,BB_G18,-0.00375553050463279
1209,BB_M01,0.00375072514106103
1210,BB_M32,0.00374932950765532
1211,BB_J0056,0.00373349831663718
1212,BB_0635,0.00371308542637392
1213,BB_0083,0.00362108939671954
1214,BB_O16,0.00361471128581989
1215,BB_0225,-0.00360150368883855
1216,BB_0462,0.00358616131747507
1217,BB_0831,-0.00350897173298522
1218,BB_M20,-0.00349586026415887
1219,BB_O04,-0.00349407777482639
1220,BB_G24,0.00348266932325233
1221,BB_0359,0.00346111775680772
1222,BB_N20,0.00345627331319775
1223,BB_0470,-0.00345410030791656
1224,BB_A45,-0.00345260336453892
1225,BB_0464,0.00344669998467634
1226,BB_P10,0.00343947901521785
1227,BB_L10,0.00343947901521785
1228,BB_D04,0.00340471094961734
1229,BB_P14,0.00340275775763206
1230,BB_M14,-0.00340102861928253
1231,BB_0042,-0.00337092666706107
1232,BB_0542,0.00334205401085296
1233,BB_0648,0.00327063468079491
1234,BB_0137,-0.00325722349661898
1235,BB_0364,-0.00325632587101507
1236,BB_0584,-0.00322579730888802
1237,BB_P08,0.00319279031692824
1238,BB_S08,0.00319279031692824
1239,BB_0261,0.00314725215719815
1240,BB_0124,0.00313000698405813
1241,BB_I40,0.00312535280131914
1242,BB_K56,0.00310125389000216
1243,BB_M06,-0.00309577847369883
1244,BB_0792,0.00309347120042153
1245,BB_L08,0.00307264140749456
1246,BB_R20,0.00304906503307804
1247,BB_0601,-0.00304287286013828
1248,BB_0222,-0.00302166765195863
1249,BB_0259,-0.00301224446676392
1250,BB_0691,0.00297023229849836
1251,BB_0198,0.00295830225109699
1252,BB_0029,0.00293903894673686
1253,BB_G31,0.00292141614095394
1254,BB_G25,0.00291459539879863
1255,BB_0354,-0.00290654374385781
1256,BB_0597,0.0029050713053093
1257,BB_0748,-0.00289464851193955
1258,BB_0165,-0.00288364553347835
1259,BB_0361,0.00288344294759713
1260,BB_F0039,-0.00287548264794148
1261,BB_G22,0.00286810209602851
1262,BB_0081,-0.00285596014278489
1263,BB_0322,-0.00284828352417122
1264,BB_0554,0.0028324716264708
1265,BB_G27,-0.00278008287639283
1266,BB_0028,-0.00277463729128798
1267,BB_G13,-0.00276485882054248
1268,BB_0643,-0.00276396098394742
1269,BB_0250,-0.00271767757463682
1270,BB_0732,-0.00270933799175366
1271,BB_P03,-0.00270101106343759
1272,BB_L03,-0.00270101106343759
1273,BB_0666,-0.00269326219691825
1274,BB_E07,-0.00267782252735127
1275,BB_0085,0.00267658750110141
1276,BB_G15,0.00267002963714041
1277,BB_0671,-0.00266659673114106
1278,BB_0627,-0.00265214298446994
1279,BB_0568,0.00264056826801743
1280,BB_0210,0.00263067532219346
1281,BB_G12,0.00262924469666706
1282,BB_0376,0.00262465071491252
1283,BB_0046,-0.00260057316508568
1284,BB_N13,0.00258998180616344
1285,BB_S05,-0.00255934476137747
1286,BB_0619,-0.00251465663288775
1287,BB_0237,0.00251245354502909
1288,BB_0452,-0.00250425731311237
1289,BB_0704,-0.0024960411852986
1290,BB_M13,-0.00248760997684897
1291,BB_L13,-0.00248760997684897
1292,BB_0451,0.00247856529643053
1293,BB_0570,-0.00245653545862754
1294,BB_0358,0.0024087727618466
1295,BB_0577,0.00240529761701151
1296,BB_0532,0.00240482311691904
1297,BB_0560,-0.00239945877844925
1298,BB_0239,-0.00239758618931493
1299,BB_R35,0.00238889020747396
1300,BB_N05,-0.00238309119447913
1301,BB_M07,0.00236782886783861
1302,BB_0740,0.00229793992618335
1303,BB_0398,0.00226858516932866
1304,BB_H30,0.00225957260523565
1305,BB_I08a,-0.0022415399500706
1306,BB_G23,-0.00223069729116573
1307,BB_N34,-0.00222986885160463
1308,BB_0285,-0.00222917163450547
1309,BB_P33,-0.0022091438204734
1310,BB_0119,-0.00220258887431476
1311,BB_B23,-0.00218958990545454
1312,BB_0152,0.00217811999402652
1313,BB_0355,-0.00216908691159825
1314,BB_D23,0.00215295223627694
1315,BB_0213,0.00213026808789941
1316,BB_N18,0.00212872321458795
1317,BB_0182,0.00211273978922302
1318,BB_0823,0.00208768471495245
1319,BB_O25,0.00207557935343326
1320,BB_G0036,-0.00206119262123667
1321,BB_G21,0.00203727283407255
1322,BB_0777,-0.00203524931788236
1323,BB_0139,0.00201400932844355
1324,BB_D0027,-0.00201396208276616
1325,BB_0349,0.00201053883887504
1326,BB_D21,0.00199961697063324
1327,BB_0517,-0.00197148384849907
1328,BB_0672,0.0019564769062713
1329,BB_N23,0.00194382916994177
1330,BB_0012,0.00187354049366327
1331,BB_K33,0.00185070836422503
1332,BB_O27,-0.00184450781590015
1333,BB_A12,-0.00182026779205576
1334,BB_0832,-0.00181970072870522
1335,BB_0316,0.00181904358166734
1336,BB_0749,0.00177620341938829
1337,BB_0674,0.00176094638149538
1338,BB_0667,-0.00175408702597614
1339,BB_0432,0.00174745838623507
1340,BB_0771a,-0.00173649173025366
1341,BB_R23,-0.00171720609804435
1342,BB_D05a,0.00169608330702144
1343,BB_O01,0.00169112678170636
1344,BB_U10,0.00165886405932678
1345,BB_0309,0.00164996935714052
1346,BB_0551,-0.00164704875059813
1347,BB_0226,-0.00159797224117001
1348,BB_R09,-0.00157602363436304
1349,BB_L20,0.00154555297727687
1350,BB_B01,0.00154286719075348
1351,BB_0234,-0.00153255105848495
1352,BB_0852,0.00152816521284275
1353,BB_D22,0.00151927281679683
1354,BB_0308,-0.00151519421979552
1355,BB_P04,0.00149399380040008
1356,BB_L04,0.00149399380040008
1357,BB_B16,-0.00147874380488283
1358,BB_0324,0.00145310971338514
1359,BB_0766,0.00145133171160667
1360,BB_0117,-0.00142016912670808
1361,BB_0197,0.00140220684205311
1362,BB_0144,-0.00140160527749955
1363,BB_0525,-0.00138117549251949
1364,BB_0292,-0.0013371747591447
1365,BB_M04,0.0013323172699534
1366,BB_H05,0.00132916473027953
1367,BB_0366,0.00131835125351994
1368,BB_0814,-0.00130982482914317
1369,BB_0459,-0.00129558446360038
1370,BB_0731,-0.00127314851059818
1371,BB_0747,0.00126757800461513
1372,BB_0318,-0.00125842872621967
1373,BB_L24,-0.00117989293769288
1374,BB_N24,-0.00117989293769288
1375,BB_0118,0.00117411779460793
1376,BB_B24,-0.00115927736845528
1377,BB_P07,0.00113953694602668
1378,BB_L07,0.00113953694602668
1379,BB_0317,-0.0011386219483389
1380,BB_L35,0.00110827315002289
1381,BB_0728,0.00110799371580529
1382,BB_0256,-0.00110242604961973
1383,BB_G14,-0.00109623818159237
1384,BB_0380,0.00106992083636546
1385,BB_A09,0.00105744554530674
1386,BB_0662,-0.00105247439358845
1387,BB_0037,-0.00104494928424331
1388,BB_0453,-0.00102914634075041
1389,BB_P13,-0.00101913221889918
1390,BB_0044,-0.00101729689282558
1391,BB_0412,0.000947007257554994
1392,BB_0708,0.000944337942577972
1393,BB_0373,0.000942408305382074
1394,BB_F05,-0.000938063865319233
1395,BB_0845b,0.000933204360669862
1396,BB_0346,0.000899475023177972
1397,BB_0457,-0.000888816401644432
1398,BB_R10,-0.000874631355793454
1399,BB_0074,0.000870561077519684
1400,BB_E33,0.000854292503402333
1401,BB_R19,-0.00084526942649628
1402,BB_0272,-0.000794993992968602
1403,BB_M02,0.000792497038350834
1404,BB_N26,0.000783780708018268
1405,BB_0816,0.000765598462151621
1406,BB_G17,-0.000752605362993355
1407,BB_0770,0.000744251385165298
1408,BB_L09,0.000743162477426585
1409,BB_N09,0.000720567364193943
1410,BB_0815,0.000719864208431416
1411,BB_0268,-0.00069156092869557
1412,BB_F29,-0.000613796637803454
1413,BB_I41,-0.000593248343272204
1414,BB_0623,-0.00059321504865395
1415,BB_0218,-0.000587349599237454
1416,BB_0397,0.000563414241867497
1417,BB_J37,-0.00054036589067843
1418,BB_R21,-0.000522349472222036
1419,BB_0663,-0.000498122048441599
1420,BB_U09,0.000489131738809797
1421,BB_B06,0.000472701720371286
1422,BB_0254,-0.000440814924709458
1423,BB_0628,0.000433558249816608
1424,BB_0475,-0.000428536162736946
1425,BB_0073,-0.000424417334603712
1426,BB_0236,0.000395084317753555
1427,BB_0670,-0.00037590334902498
1428,BB_0216,-0.000370488950861701
1429,BB_U11,-0.000332322334736713
1430,BB_0249,-0.000327255393983718
1431,BB_0036,-0.000282635935693288
1432,BB_F14,0.000272195943997941
1433,BB_0025,-0.000258351994364293
1434,BB_M21,0.000251202038162177
1435,BB_R26,0.000243030818067302
1436,BB_0135,-0.000227941788439051
1437,BB_0516,0.000214025587558004
1438,BB_0110,0.000201694164575579
1439,BB_0705,-0.000180536995402813
1440,BB_0429,-0.000126244180247466
1441,BB_J42,0.000117514084545551
1442,BB_N03,-0.000107562819265487
1443,BB_0231,0.000101995046174322
1444,BB_S25,-5.89864147478335e-05
1445,BB_0606,-3.85495838663742e-05
1446,BB_I01,1.26161907827244e-05
1447,BB_P40,0
